Ticker,Company Name,Market Cap,PE Ratio (TTM),Avg Volume (3M)
NVDA,NVIDIA Corporation,5768717795328,30.202276,122898671
AAPL,Apple Inc.,4858257080320,38.17546,45709392
GOOGL,Alphabet Inc.,4237305577472,17.384344,27102595
GOOG,Alphabet Inc.,4205018349568,17.25188,17969903
MSFT,Microsoft Corporation,3899747991552,29.257936,28126893
AMZN,"Amazon.com, Inc.",2711679139840,20.22526,39175920
META,"Meta Platforms, Inc.",1889994932224,27.954031,19328760
AVGO,Broadcom Inc.,1730488696832,46.297577,22469879
TSLA,"Tesla, Inc.",1495812145152,350.67593,37964373
MU,"Micron Technology, Inc.",1201629036544,14.314004,33513393
BRK-B,Berkshire Hathaway Inc.,1079474323456,12.682596,4318868
AMD,"Advanced Micro Devices, Inc.",1031316111360,161.1607,23426900
LLY,Eli Lilly and Company,1019367391232,38.37261,2490393
JPM,JPMorgan Chase & Co.,883527974912,14.240788,7609007
WMT,Walmart Inc.,836155342848,38.06884,23652231
V,Visa Inc.,694077030400,31.46468,6672290
XOM,ExxonMobil Holdings Corporation,674353577984,21.106821,14197901
INTC,Intel Corporation,614192578560,,107703873
JNJ,Johnson & Johnson,609535590400,29.308226,7090679
MA,Mastercard Incorporated,494586462208,30.37063,2863996
ABBV,AbbVie Inc.,469629108224,75.07345,4920890
PLTR,Palantir Technologies Inc.,455139262464,163.27586,34258921
CSCO,"Cisco Systems, Inc.",444802662400,33.87988,19513614
LRCX,Lam Research Corporation,432742531072,60.349037,9517403
ORCL,Oracle Corporation,431928246272,22.332287,32349567
